INSERT INTO `frame_role` VALUES ('c03a5e28-8337-4f21-a304-82dac6775216', NULL, NULL, NULL, NULL, 0, NULL, 0, '管理员');
INSERT INTO `frame_role` VALUES ('fd750984-725a-461c-b408-8cb2ad1f7ad7', NULL, NULL, NULL, NULL, 0, NULL, 0, '普通用户');

INSERT INTO `frame_user` VALUES ('11111', NULL, NULL, NULL, NULL, 0, '0', 0, '管理员', 'admin', '3847B035AE5D3F5AEEA5FC0352416224', '管理员', 'c03a5e28-8337-4f21-a304-82dac6775216', 0, NULL, NULL, '0fdae8e0-85bc-44bc-8dd4-c317c66a8bd8');
INSERT INTO `frame_user` VALUES ('88e12aaf-b634-4aca-ac88-503371244959', NULL, NULL, NULL, NULL, 0, NULL, 0, '管理员1号', 'admin', '3847B035AE5D3F5AEEA5FC0352416224', NULL, 'c03a5e28-8337-4f21-a304-82dac6775216', 0, NULL, NULL, 'd2e36d73-037c-4fc4-b199-e1478d08668d');
INSERT INTO `frame_user` VALUES ('c6505719-ac6a-4971-b42c-5cd6d6206118', NULL, NULL, NULL, NULL, 0, NULL, 0, '测试账号', 'test', '3847B035AE5D3F5AEEA5FC0352416224', NULL, 'fd750984-725a-461c-b408-8cb2ad1f7ad7', 0, NULL, NULL, 'd2e36d73-037c-4fc4-b199-e1478d08668d');

INSERT INTO `frame_codes` VALUES ('1fa13ad9-07c3-48a6-935d-0a99e69c1b88', '2020-05-13 13:41:57.132456', NULL, NULL, NULL, 0, NULL, 0, '报表风格', 12);
INSERT INTO `frame_codes` VALUES ('2eae9a3b-0870-4f27-9c1e-d422ac18136c', '2020-04-16 11:11:58.973927', NULL, NULL, NULL, 0, NULL, 0, '字段展现名称', 9);
INSERT INTO `frame_codes` VALUES ('2f1f25c6-9c7a-4995-9597-78733cd8e079', '2020-04-25 09:42:46.388216', NULL, NULL, NULL, 0, NULL, 0, '签核策略', 11);
INSERT INTO `frame_codes` VALUES ('42ddf13f-d9b0-4f74-866f-044d994ba4e7', '2020-02-19 10:30:07.746758', NULL, NULL, NULL, 0, NULL, 0, '栏目类别', 5);
INSERT INTO `frame_codes` VALUES ('8edffcdc-9703-42dd-90c1-18b590312d43', '2020-04-10 16:47:37.000000', NULL, NULL, NULL, 0, NULL, 0, '多媒体', 4);
INSERT INTO `frame_codes` VALUES ('9f874679-cfdf-44cd-8dd7-10f8c0d88820', '2020-04-16 11:16:14.926095', NULL, NULL, NULL, 0, NULL, 0, '流程类别', 10);
INSERT INTO `frame_codes` VALUES ('c288ff5b-21cc-48b3-8bb8-b7cd9f8526fe', '2020-04-16 11:05:19.170723', NULL, NULL, NULL, 0, NULL, 0, '字段类型', 7);
INSERT INTO `frame_codes` VALUES ('e1ec2552-44c6-4188-9b06-c580b862300b', '2020-04-16 11:06:57.857099', NULL, NULL, NULL, 0, NULL, 0, '是否', 8);
INSERT INTO `frame_codes` VALUES ('ff4c0db8-96d8-4660-859d-f0b96a5114eb', '2020-04-16 10:39:16.886989', NULL, NULL, NULL, 0, NULL, 0, '表单类型', 6);

INSERT INTO `frame_codesvalue` VALUES ('071c52df-d4aa-41b3-9660-a93b583d9083', '2020-04-16 11:05:36.566813', NULL, NULL, NULL, 10, NULL, 0, 7, 6, '字段', 'string', NULL);
INSERT INTO `frame_codesvalue` VALUES ('1a2dc6b7-1bab-4248-9417-81629e65425b', '2020-06-18 23:21:32.601752', NULL, NULL, NULL, 6, NULL, 0, 5, 28, '员工展示', '005', NULL);
INSERT INTO `frame_codesvalue` VALUES ('1d6aab52-c891-48a8-b421-288c9431f56c', '2020-06-09 15:22:26.552961', NULL, NULL, NULL, 9, NULL, 0, 5, 26, '关于优蓝', '002', NULL);
INSERT INTO `frame_codesvalue` VALUES ('25d685e0-1218-4017-a267-59f10ddd53f7', '2020-04-16 10:40:13.590608', NULL, NULL, NULL, 6, NULL, 0, 6, 4, '仓库出库', 'StockOut', NULL);
INSERT INTO `frame_codesvalue` VALUES ('27cbca56-831d-4460-8801-03cdab553e56', '2020-06-18 23:27:41.347733', NULL, NULL, NULL, 0, NULL, 0, 5, 32, '联系我们', '008', NULL);
INSERT INTO `frame_codesvalue` VALUES ('29d15302-ece8-40bc-84e4-298cbb65df1d', '2020-04-16 11:07:01.653911', NULL, NULL, NULL, 0, NULL, 0, 8, 12, '是', '1', NULL);
INSERT INTO `frame_codesvalue` VALUES ('41753cf4-16af-46ef-aa8a-217f44ded4db', '2020-06-18 23:21:34.015194', NULL, NULL, NULL, 5, NULL, 0, 5, 29, '项目展示', '006', NULL);
INSERT INTO `frame_codesvalue` VALUES ('4a9e59ae-b422-415f-9b51-1c502ed04c54', '2020-04-24 14:49:33.594687', NULL, NULL, NULL, 5, NULL, 0, 6, 19, '请假', 'Leave', NULL);
INSERT INTO `frame_codesvalue` VALUES ('4b4e9fd3-874e-4438-bd52-3a6e19b7c8f2', '2020-04-16 11:16:22.095412', NULL, NULL, NULL, 0, NULL, 0, 10, 17, '采购流程', '采购流程', NULL);
INSERT INTO `frame_codesvalue` VALUES ('62390faa-c126-4399-ba3d-aac1717433ab', '2020-04-16 11:05:37.273442', NULL, NULL, NULL, 7, NULL, 0, 7, 7, '文本域', 'ntext', NULL);
INSERT INTO `frame_codesvalue` VALUES ('634628ed-03ef-4aab-87fa-113de7b61a47', '2020-04-16 10:39:26.380149', NULL, NULL, NULL, 8, NULL, 0, 6, 3, '销售订单', 'Sales', NULL);
INSERT INTO `frame_codesvalue` VALUES ('6b7c6b0d-f5bb-4e30-a7cc-db6f31d5f026', '2020-05-13 13:42:01.131887', NULL, NULL, NULL, 0, NULL, 0, 12, 23, '饼状', '饼状', NULL);
INSERT INTO `frame_codesvalue` VALUES ('714f408e-1658-4efb-ad39-7b30c9b234a6', '2020-04-16 11:16:22.896496', NULL, NULL, NULL, 0, NULL, 0, 10, 18, '销售流程', '销售流程', NULL);
INSERT INTO `frame_codesvalue` VALUES ('71ac23fe-9543-4029-bcc0-a12375475f29', '2020-06-18 23:21:34.914841', NULL, NULL, NULL, 7, NULL, 0, 5, 30, '行业优势', '004', NULL);
INSERT INTO `frame_codesvalue` VALUES ('75982f9e-2da2-4a16-bf07-23a9ec6afa72', '2020-04-25 09:42:51.309415', NULL, NULL, NULL, 0, NULL, 0, 11, 20, '顺序', 'order', NULL);
INSERT INTO `frame_codesvalue` VALUES ('7e4611d6-a73d-4bef-98b0-d92f0371d58b', '2020-04-16 11:05:35.553293', NULL, NULL, NULL, 9, NULL, 0, 7, 5, '整数', 'int', NULL);
INSERT INTO `frame_codesvalue` VALUES ('83c97b21-36c4-494a-a869-8e14f448e5eb', '2020-04-16 11:12:05.197643', NULL, NULL, NULL, 0, NULL, 0, 9, 15, '文本框', 'textbox', NULL);
INSERT INTO `frame_codesvalue` VALUES ('83f6a52a-ca07-416d-9542-bf5cdbd505b6', '2020-04-16 11:05:39.660350', NULL, NULL, NULL, 6, NULL, 0, 7, 10, '双精度', 'decimal', NULL);
INSERT INTO `frame_codesvalue` VALUES ('8796c63e-be99-474c-8584-195dbc775bb9', '2020-04-16 10:39:25.348604', NULL, NULL, NULL, 9, NULL, 0, 6, 2, '采购订单', 'Order', NULL);
INSERT INTO `frame_codesvalue` VALUES ('97ff594f-21c5-4c57-a303-c21abffecc0c', '2020-06-18 23:21:31.984047', NULL, NULL, NULL, 8, NULL, 0, 5, 27, '提供服务', '003', NULL);
INSERT INTO `frame_codesvalue` VALUES ('ad27ea14-ed72-4015-9604-f82f5ace7077', '2020-04-16 11:05:38.326692', NULL, NULL, NULL, 8, NULL, 0, 7, 8, '	 日期', 'datetime', NULL);
INSERT INTO `frame_codesvalue` VALUES ('bf870d2a-1f8f-4402-bc72-f94bfe967e28', '2020-05-13 13:42:02.463807', NULL, NULL, NULL, 0, NULL, 0, 12, 24, '列表', '列表', NULL);
INSERT INTO `frame_codesvalue` VALUES ('cdf7078c-bfe6-4b5e-a385-a8a1ab49b2f3', '2020-05-13 13:42:00.250203', NULL, NULL, NULL, 0, NULL, 0, 12, 22, '柱状', '柱状', NULL);
INSERT INTO `frame_codesvalue` VALUES ('d50e5546-e352-4aa2-a363-9420ef8ab3ad', '2020-04-25 09:42:52.098822', NULL, NULL, NULL, 0, NULL, 0, 11, 21, '会签', 'gather', NULL);
INSERT INTO `frame_codesvalue` VALUES ('d53da2af-9a24-43b3-a827-f7054c548cbd', '2020-04-16 11:05:39.097983', NULL, NULL, NULL, 5, NULL, 0, 7, 9, '单精度', 'float', NULL);
INSERT INTO `frame_codesvalue` VALUES ('d7523b67-eb5d-4ed9-8f81-51227f366060', '2020-04-16 11:12:03.842805', NULL, NULL, NULL, 0, NULL, 0, 9, 13, '日期选择', 'datepicker', NULL);
INSERT INTO `frame_codesvalue` VALUES ('e131157e-1dca-4b0b-97cc-57317aa7ecaf', '2020-06-18 23:27:19.670450', NULL, NULL, NULL, 4, NULL, 0, 5, 31, '合作伙伴', '007', NULL);
INSERT INTO `frame_codesvalue` VALUES ('e51f9b16-78b4-427a-9ef0-224d80465030', '2020-04-16 10:39:21.232656', NULL, NULL, NULL, 7, NULL, 0, 6, 1, '仓库入库', 'StockIn', NULL);
INSERT INTO `frame_codesvalue` VALUES ('eea9de26-15a7-4e96-b67b-7babea969c56', '2020-06-09 15:22:25.720531', NULL, NULL, NULL, 10, NULL, 0, 5, 25, '首页轮播图', '001', NULL);
INSERT INTO `frame_codesvalue` VALUES ('f55e2b2f-394b-4282-9af2-1a434716ce60', '2020-04-16 11:12:04.539834', NULL, NULL, NULL, 0, NULL, 0, 9, 14, '下拉框', 'dropdownlist', NULL);
INSERT INTO `frame_codesvalue` VALUES ('fdea8877-0597-47ef-9e08-79405c77ee94', '2020-04-16 11:07:00.818261', NULL, NULL, NULL, 0, NULL, 0, 8, 11, '否', '0', NULL);

INSERT INTO `frame_relations` VALUES ('005e5004-0747-4e35-962f-b412d73b99f3', NULL, NULL, NULL, NULL, 0, NULL, 0, 2, 'fd750984-725a-461c-b408-8cb2ad1f7ad7', '02a653a7-69c3-4a98-9159-f4f3e2463b2a', NULL);
INSERT INTO `frame_relations` VALUES ('03842eea-979a-4f69-a3eb-368f02b21c8c', NULL, NULL, NULL, NULL, 0, NULL, 0, 2, 'c03a5e28-8337-4f21-a304-82dac6775216', '7e7db5ed-2a82-4b0c-879d-99a672fe3c0e', NULL);
INSERT INTO `frame_relations` VALUES ('03c17026-7a7f-4fc5-a3f2-22f37db9a704', '2020-05-05 15:46:26.558925', NULL, NULL, NULL, 0, NULL, 0, 2, 'c03a5e28-8337-4f21-a304-82dac6775216', 'f2c112d0-6627-48c6-86e6-9e505b96f58b', NULL);
INSERT INTO `frame_relations` VALUES ('05da44a8-779a-4c4c-b508-ecfe330669e3', NULL, NULL, NULL, NULL, 0, NULL, 0, 3, '', '09b73c5b-2b9f-4ff8-a93c-36039ec8f4ad', NULL);
INSERT INTO `frame_relations` VALUES ('06342b09-68b9-44f3-8f45-c3c28371ed49', NULL, NULL, NULL, NULL, 0, NULL, 0, 3, NULL, '2b65f115-968f-485c-8421-d6ab89c28359', NULL);
INSERT INTO `frame_relations` VALUES ('063ccceb-4672-4282-9ebd-a294cded9923', NULL, NULL, NULL, NULL, 0, NULL, 0, 2, 'c03a5e28-8337-4f21-a304-82dac6775216', 'f7fcf8e8-240d-402a-a179-478c33bbd562', NULL);
INSERT INTO `frame_relations` VALUES ('06815f3a-fd1d-40ba-a5a4-1e2f8a683c2d', NULL, NULL, NULL, NULL, 0, NULL, 0, 1, 'c03a5e28-8337-4f21-a304-82dac6775216', '11111', NULL);
INSERT INTO `frame_relations` VALUES ('096ac7b4-d4cd-4d60-8542-2ebb56befa3e', NULL, NULL, NULL, NULL, 0, NULL, 0, 2, 'c03a5e28-8337-4f21-a304-82dac6775216', 'd283b222-c457-44c3-ac50-c0c06ecc72e1', NULL);
INSERT INTO `frame_relations` VALUES ('0f341822-4d4b-457f-af31-7c6a758fbf6d', NULL, NULL, NULL, NULL, 0, NULL, 0, 3, NULL, '59616f8e-8f60-4c5c-82bf-4366c6d1ca44', NULL);
INSERT INTO `frame_relations` VALUES ('100e91a5-fae0-4193-8968-df9a598d4469', '2021-11-13 20:59:26.544982', NULL, NULL, NULL, 0, NULL, 0, 1, 'fd750984-725a-461c-b408-8cb2ad1f7ad7', '94d790ff-1daa-4f74-9c8d-afc7fc4ab243', NULL);
INSERT INTO `frame_relations` VALUES ('110e1c39-6a59-4852-a070-2f43200fc819', '2021-08-15 22:02:08.152246', NULL, NULL, NULL, 0, NULL, 0, 4, '1bb40a59-1a9c-4279-ae8b-894e937cf416', '9adca4c2-c3ae-4215-a8ee-b22a05edd7a8', NULL);
INSERT INTO `frame_relations` VALUES ('1603ce51-cba6-4087-b1c3-0ff86494ca5e', NULL, NULL, NULL, NULL, 0, NULL, 0, 3, '', '5de80398-9a95-4344-b265-aec65b4a6345', NULL);
INSERT INTO `frame_relations` VALUES ('17692293-629d-4049-b36f-00ed032b0603', NULL, NULL, NULL, NULL, 0, NULL, 0, 3, '', 'fd91e76b-412e-4d21-be94-3d247b2dff04', NULL);
INSERT INTO `frame_relations` VALUES ('1b2c5820-992d-44c3-84da-f382365e1eb7', NULL, NULL, NULL, NULL, 0, NULL, 0, 3, NULL, '68996c8a-ebc2-42ae-85f7-dae2e3ccb4ec', NULL);
INSERT INTO `frame_relations` VALUES ('1b83c4f9-15da-476f-8402-9c10ee13f7ca', NULL, NULL, NULL, NULL, 0, NULL, 0, 2, 'fd750984-725a-461c-b408-8cb2ad1f7ad7', '7e7db5ed-2a82-4b0c-879d-99a672fe3c0e', NULL);
INSERT INTO `frame_relations` VALUES ('1bf6c297-336c-44aa-991b-d513ff5f5f1d', NULL, NULL, NULL, NULL, 0, NULL, 0, 3, NULL, 'ff47f776-43b7-4b2e-b4b3-c65e47d9c93c', NULL);
INSERT INTO `frame_relations` VALUES ('2220a702-236b-424f-b2f0-636e0ba94409', NULL, NULL, NULL, NULL, 0, NULL, 0, 3, '', '4d28e2f7-c5df-4a63-9c7b-2e3275fc3989', NULL);
INSERT INTO `frame_relations` VALUES ('244af382-b305-478f-bd14-81a354f18d2d', NULL, NULL, NULL, NULL, 0, NULL, 0, 3, '', '98ffacde-752f-44ef-ac56-a564d75d5c44', NULL);
INSERT INTO `frame_relations` VALUES ('289f61a5-0e3c-4f77-9a19-821811daa51a', NULL, NULL, NULL, NULL, 0, NULL, 0, 3, NULL, 'adcbc9c3-bf6b-48c7-a25a-efae4f3b9666', NULL);
INSERT INTO `frame_relations` VALUES ('292694c8-011a-4ecb-8f40-33c1750f3498', '2020-09-28 21:04:21.661331', NULL, NULL, NULL, 0, NULL, 0, 2, 'c03a5e28-8337-4f21-a304-82dac6775216', '64d5e981-977d-46ae-a561-a486027f2b4b', NULL);
INSERT INTO `frame_relations` VALUES ('296e7309-a86b-4eb4-a416-304d96097b49', NULL, NULL, NULL, NULL, 0, NULL, 0, 3, '', '679e835e-1cce-4b89-8035-d21e3950370e', NULL);
INSERT INTO `frame_relations` VALUES ('2b49b176-f4b6-484e-b018-6fe9c677414f', NULL, NULL, NULL, NULL, 0, NULL, 0, 2, 'c03a5e28-8337-4f21-a304-82dac6775216', 'ad0f6008-0f85-4031-9106-f34afff1cb6f', NULL);
INSERT INTO `frame_relations` VALUES ('2f662e2c-9ea9-4bf0-8b5e-f97c09c9c9c4', NULL, NULL, NULL, NULL, 0, NULL, 0, 2, 'c03a5e28-8337-4f21-a304-82dac6775216', '1c679692-974d-473c-84e3-3ba55a97091d', NULL);
INSERT INTO `frame_relations` VALUES ('30700fe6-8195-424c-9e88-5da26b210901', NULL, NULL, NULL, NULL, 0, NULL, 0, 2, 'c03a5e28-8337-4f21-a304-82dac6775216', '02a653a7-69c3-4a98-9159-f4f3e2463b2a', NULL);
INSERT INTO `frame_relations` VALUES ('3135de0e-d3f5-47f4-bb54-b44ae53b1226', NULL, NULL, NULL, NULL, 0, NULL, 0, 3, NULL, '81960b82-45b1-4fbd-9752-dc52cd16e96c', NULL);
INSERT INTO `frame_relations` VALUES ('36b9639a-62e0-4eff-b725-56e2841b939b', '2020-04-22 16:04:07.298436', NULL, NULL, NULL, 0, NULL, 0, 2, 'c03a5e28-8337-4f21-a304-82dac6775216', '35babba3-79d4-48b7-881f-76c43301788a', NULL);
INSERT INTO `frame_relations` VALUES ('3a996227-a8d0-48b8-9e45-17ba0f630ca4', '2021-08-12 17:40:36.571864', NULL, NULL, NULL, 0, NULL, 0, 4, '1bb40a59-1a9c-4279-ae8b-894e937cf416', 'b720caaa-bac8-45c5-8f89-967f9c3fe06b', NULL);
INSERT INTO `frame_relations` VALUES ('3b9294e5-3256-4672-9461-30f95e12ec14', '2020-04-23 13:48:26.010345', NULL, NULL, NULL, 0, NULL, 0, 2, 'c03a5e28-8337-4f21-a304-82dac6775216', '1677c1d6-df9b-472c-9db4-c26e93664fd5', NULL);
INSERT INTO `frame_relations` VALUES ('3dab5d6f-bc61-4eda-bfda-544549b728c3', NULL, NULL, NULL, NULL, 0, NULL, 0, 3, NULL, 'b85a9194-2bb1-4c7d-a4f3-bf1c21780fa7', NULL);
INSERT INTO `frame_relations` VALUES ('416af4f2-280e-42d3-aa8c-0d2161aa932b', NULL, NULL, NULL, NULL, 0, NULL, 0, 3, '', 'fee4aece-45bb-4a62-8483-01d580f8b8e9', NULL);
INSERT INTO `frame_relations` VALUES ('429ea9c4-7530-4276-88ae-7a459346e351', NULL, NULL, NULL, NULL, 0, NULL, 0, 2, 'c03a5e28-8337-4f21-a304-82dac6775216', '16e4cd85-fc2b-45b2-ad5c-7c482ac5f9d1', NULL);
INSERT INTO `frame_relations` VALUES ('43b5bde9-ad1b-482d-bb83-dfa41fb32712', NULL, NULL, NULL, NULL, 0, NULL, 0, 3, NULL, 'cef0777b-a32c-4a3f-a2f8-2d2b14135ddb', NULL);
INSERT INTO `frame_relations` VALUES ('44922e84-48aa-4958-8572-452951cbba6f', NULL, NULL, NULL, NULL, 0, NULL, 0, 2, 'c03a5e28-8337-4f21-a304-82dac6775216', '4036924e-945a-4b3b-b24c-8100ce2826ad', NULL);
INSERT INTO `frame_relations` VALUES ('4c5ac179-c73e-4a10-aeda-6bb26b0c8a08', '2021-08-15 22:02:07.693401', NULL, NULL, NULL, 0, NULL, 0, 4, '1bb40a59-1a9c-4279-ae8b-894e937cf416', '27b2e60a-9258-4ef9-9cef-b6d1ebbada9c', NULL);
INSERT INTO `frame_relations` VALUES ('4f8a0da8-b1ad-4989-9705-5c9946005e67', NULL, NULL, NULL, NULL, 0, NULL, 0, 3, '4E004DC3-7364-4051-B8F5-154B603A6C9E', 'e4b007a3-2a93-475e-94a2-637e6ebd6d50', NULL);
INSERT INTO `frame_relations` VALUES ('5256ea05-ae23-4379-80a9-800d50edd218', NULL, NULL, NULL, NULL, 0, NULL, 0, 3, '', '7b958264-484d-47e2-8acb-9052fc6d19f8', NULL);
INSERT INTO `frame_relations` VALUES ('5808f16b-477c-4518-ba8b-07773f840041', '2021-08-11 14:12:25.686830', NULL, NULL, NULL, 0, NULL, 0, 2, 'c03a5e28-8337-4f21-a304-82dac6775216', '27dc6b33-7c53-43bf-a3bd-1a25a84e132e', NULL);
INSERT INTO `frame_relations` VALUES ('597c52d8-c853-45ee-a9b9-0ca8cba5f08b', NULL, NULL, NULL, NULL, 0, NULL, 0, 3, NULL, '22fcb241-2989-4302-9b6b-17f052da70c3', NULL);
INSERT INTO `frame_relations` VALUES ('5a4776a7-1035-4776-8fc0-308ffa33f8f0', '2020-04-14 17:43:20.150309', NULL, NULL, NULL, 0, NULL, 0, 2, 'c03a5e28-8337-4f21-a304-82dac6775216', '4c22e728-1146-4b79-9cd9-af895854fac4', NULL);
INSERT INTO `frame_relations` VALUES ('5ab0e0e0-7726-4d8b-907a-1103c2e33d4b', NULL, NULL, NULL, NULL, 0, NULL, 0, 2, 'c03a5e28-8337-4f21-a304-82dac6775216', '23692bce-8a13-43c7-b35a-4adbd60727aa', NULL);
INSERT INTO `frame_relations` VALUES ('5c10193c-cd59-4576-b996-97d06b8a2b77', '2020-04-23 17:58:19.842915', NULL, NULL, NULL, 0, NULL, 0, 2, 'c03a5e28-8337-4f21-a304-82dac6775216', 'c4120a36-392f-469e-83b4-c926585ce9ae', NULL);
INSERT INTO `frame_relations` VALUES ('5df940c2-ff1f-41d4-9638-2d78c564df04', NULL, NULL, NULL, NULL, 0, NULL, 0, 3, '25b3a1b0-ec79-4574-8400-106f1a69f510', '30f175a5-9b30-49a7-839c-c62a0a91c5e1', NULL);
INSERT INTO `frame_relations` VALUES ('5e4a4ddf-3448-4acf-9f16-b3626b5dec5f', NULL, NULL, NULL, NULL, 0, NULL, 0, 3, NULL, '81241341-0b23-47fd-a94f-2d6aa4678d2f', NULL);
INSERT INTO `frame_relations` VALUES ('60c1853d-df5b-4850-baf0-cd9b2a41915b', '2021-11-12 10:56:37.542660', NULL, NULL, NULL, 0, NULL, 0, 2, 'c03a5e28-8337-4f21-a304-82dac6775216', '49564184-e0f7-43fd-abb1-9aa32aa6e732', NULL);
INSERT INTO `frame_relations` VALUES ('614099ca-89ff-4ccf-8dc9-90b66b7c1457', '2021-11-12 10:56:47.984395', NULL, NULL, NULL, 0, NULL, 0, 2, 'c03a5e28-8337-4f21-a304-82dac6775216', 'e9ab7f1d-4cba-4f49-9804-69722bf6ca20', NULL);
INSERT INTO `frame_relations` VALUES ('61a7db8e-6e19-4601-818b-00edf62cfe20', NULL, NULL, NULL, NULL, 0, NULL, 0, 3, NULL, '60ca77d3-198a-4f8f-9637-2cde34828586', NULL);
INSERT INTO `frame_relations` VALUES ('683bd927-5ff8-4695-a9d6-4d068e509b65', NULL, NULL, NULL, NULL, 0, NULL, 0, 3, 'B4136514-8D14-45DE-9211-DE49845339F5', 'a3f85e7a-9f0a-45f3-a6ce-27599138ac77', NULL);
INSERT INTO `frame_relations` VALUES ('6c860247-3d73-432c-9fd7-5ee886f4cda2', NULL, NULL, NULL, NULL, 0, NULL, 0, 3, NULL, '88335ab2-fb53-4174-86e8-9fcaab55f804', NULL);
INSERT INTO `frame_relations` VALUES ('6eb1df15-4c2c-4595-ad7f-a6cedfd2eb4d', NULL, NULL, NULL, NULL, 0, NULL, 0, 3, NULL, '4eef91f6-d702-42f5-844b-4f8e587734a4', NULL);
INSERT INTO `frame_relations` VALUES ('7357e879-0129-4474-b77d-caaa30843591', NULL, NULL, NULL, NULL, 0, NULL, 0, 3, 'B4136514-8D14-45DE-9211-DE49845339F5', '489c966b-2eca-4c08-9c1a-26e33e739870', NULL);
INSERT INTO `frame_relations` VALUES ('778bfc62-0fe0-4619-ae23-e01346efb210', NULL, NULL, NULL, NULL, 0, NULL, 0, 3, '', '61b9ab11-9125-488a-9b23-f7a3ec2dc8d1', NULL);
INSERT INTO `frame_relations` VALUES ('7a811a93-6ce3-435f-81cd-145e7c12669b', NULL, NULL, NULL, NULL, 0, NULL, 0, 3, NULL, '122ed346-ab20-4249-97b0-697a444cabfd', NULL);
INSERT INTO `frame_relations` VALUES ('81fb3904-c0c2-4080-8779-86fab910b1b5', NULL, NULL, NULL, NULL, 0, NULL, 0, 1, 'c03a5e28-8337-4f21-a304-82dac6775216', '88e12aaf-b634-4aca-ac88-503371244959', NULL);
INSERT INTO `frame_relations` VALUES ('828c2c99-b3a5-43c7-adca-164cd720f21d', '2020-04-20 14:49:02.790525', NULL, NULL, NULL, 0, NULL, 0, 2, 'c03a5e28-8337-4f21-a304-82dac6775216', '323232323', NULL);
INSERT INTO `frame_relations` VALUES ('883ef9b8-c06f-4c61-a465-c8e4384735ef', NULL, NULL, NULL, NULL, 0, NULL, 0, 2, 'c03a5e28-8337-4f21-a304-82dac6775216', '1a52f32e-96bc-4248-8201-09765518be7e', NULL);
INSERT INTO `frame_relations` VALUES ('8da08baa-ed53-4059-a5e3-a3b487b362e2', NULL, NULL, NULL, NULL, 0, NULL, 0, 3, '', '856e4b2e-097e-42ce-ad60-d4c577241e63', NULL);
INSERT INTO `frame_relations` VALUES ('8ff66ef0-a051-413f-831a-5747e9e0a283', NULL, NULL, NULL, NULL, 0, NULL, 0, 3, '', '1367e1bc-67c3-4e9a-88f3-828021d86604', NULL);
INSERT INTO `frame_relations` VALUES ('90daa00b-ebfa-47db-8473-f94fed917d9c', NULL, NULL, NULL, NULL, 0, NULL, 0, 3, '', 'a9faaff2-46e1-4288-9408-0c4ec45c0881', NULL);
INSERT INTO `frame_relations` VALUES ('91be8e3a-c44b-4dee-a131-357282ff4c89', NULL, NULL, NULL, NULL, 0, NULL, 0, 3, NULL, 'daf11ee0-34d1-4185-abf7-e806c3f7b32c', NULL);
INSERT INTO `frame_relations` VALUES ('95e1a687-361e-4ede-a679-536ceb7a4c39', NULL, NULL, NULL, NULL, 0, NULL, 0, 2, 'c03a5e28-8337-4f21-a304-82dac6775216', 'deba2581-6252-4a9f-b63a-8954b4a8d893', NULL);
INSERT INTO `frame_relations` VALUES ('9a7ed2b7-8db1-4976-9d45-adf4f514220a', '2020-04-16 10:21:27.568350', NULL, NULL, NULL, 0, NULL, 0, 2, 'c03a5e28-8337-4f21-a304-82dac6775216', '9b2a4609-9adc-4bf3-b98c-dd81868ab9d9', NULL);
INSERT INTO `frame_relations` VALUES ('9aad5da4-92c2-437a-ac5b-219df43ec059', '2021-08-12 16:24:41.619132', NULL, NULL, NULL, 0, NULL, 0, 2, 'c03a5e28-8337-4f21-a304-82dac6775216', 'b2c895f7-7c52-442e-855f-81d64a35b6cc', NULL);
INSERT INTO `frame_relations` VALUES ('9c432e37-6f0b-40eb-96e6-83ed3c4b79bb', NULL, NULL, NULL, NULL, 0, NULL, 0, 2, 'c03a5e28-8337-4f21-a304-82dac6775216', '7bd133d1-5fbe-4090-bd92-f41f58b2fcf2', NULL);
INSERT INTO `frame_relations` VALUES ('9f7d5f57-e921-4dbd-8377-a9dfb77e5426', NULL, NULL, NULL, NULL, 0, NULL, 0, 2, 'c03a5e28-8337-4f21-a304-82dac6775216', '2c73c2a2-e3bd-417a-a49f-f5bcc6fcf058', NULL);
INSERT INTO `frame_relations` VALUES ('9ffa7976-60f0-4f20-b609-69433df781a6', NULL, NULL, NULL, NULL, 0, NULL, 0, 3, NULL, '13f83f21-5f2d-4012-8a7f-a66ce780382c', NULL);
INSERT INTO `frame_relations` VALUES ('a033c371-847c-445e-936c-a879fda69379', NULL, NULL, NULL, NULL, 0, NULL, 0, 3, '', '935dc753-e2f8-4531-a431-c470b0fec34d', NULL);
INSERT INTO `frame_relations` VALUES ('a05cdff1-755e-4ea9-a19c-8739e13ec7bf', '2021-11-12 10:56:46.091589', NULL, NULL, NULL, 0, NULL, 0, 2, 'c03a5e28-8337-4f21-a304-82dac6775216', '654f8019-7857-4516-bf96-c057e0e700e4', NULL);
INSERT INTO `frame_relations` VALUES ('a29e6861-62cc-4ecc-b79c-ac0e71da0d03', NULL, NULL, NULL, NULL, 0, NULL, 0, 3, '', 'e11709e2-ee2a-439f-8448-29974b150f0c', NULL);
INSERT INTO `frame_relations` VALUES ('a486b63d-df5c-4bde-93a2-7d7bbb79813a', '2020-04-16 11:58:28.001759', NULL, NULL, NULL, 0, NULL, 0, 2, 'c03a5e28-8337-4f21-a304-82dac6775216', 'd3449760-d1c4-43c0-8002-cfcdb88a89e4', NULL);
INSERT INTO `frame_relations` VALUES ('b306bd77-dfd4-46a8-94a4-ac977f6f7cb0', NULL, NULL, NULL, NULL, 0, NULL, 0, 3, NULL, '88a242d4-9641-4730-a92d-62593615f51e', NULL);
INSERT INTO `frame_relations` VALUES ('bdcaed22-949d-4d4b-97a0-fa59e6942770', NULL, NULL, NULL, NULL, 0, NULL, 0, 2, 'c03a5e28-8337-4f21-a304-82dac6775216', '30eaef36-a2b4-402d-9900-4a7f9c705a8b', NULL);
INSERT INTO `frame_relations` VALUES ('c05c41be-8fcf-4da9-ac47-d1bc48e025a5', NULL, NULL, NULL, NULL, 0, NULL, 0, 3, '', 'c39297c5-6f42-47d0-8daf-d8c90c3b25ac', NULL);
INSERT INTO `frame_relations` VALUES ('c2f738d3-a6f6-45b1-a283-64d8804bf5d0', NULL, NULL, NULL, NULL, 0, NULL, 0, 2, 'fd750984-725a-461c-b408-8cb2ad1f7ad7', '9f6298f3-405c-4901-88a6-5fbb7b2ddc07', NULL);
INSERT INTO `frame_relations` VALUES ('c35f6def-8080-4425-8a52-d1e8f218ec69', NULL, NULL, NULL, NULL, 0, NULL, 0, 2, 'c03a5e28-8337-4f21-a304-82dac6775216', '765da722-4fb8-45e6-9c20-1f4ef7a21c21', NULL);
INSERT INTO `frame_relations` VALUES ('c663f39b-ff99-4b76-b739-8d5df04be8a7', '2020-08-16 21:05:43.030439', NULL, NULL, NULL, 0, NULL, 0, 2, 'c03a5e28-8337-4f21-a304-82dac6775216', '19ed8f35-9710-4144-9603-0f451873dfb1', NULL);
INSERT INTO `frame_relations` VALUES ('c936216c-c670-47e7-9587-563dd190a626', '2020-04-11 13:24:42.918392', NULL, NULL, NULL, 0, NULL, 0, 2, 'c03a5e28-8337-4f21-a304-82dac6775216', '9f6298f3-405c-4901-88a6-5fbb7b2ddc07', NULL);
INSERT INTO `frame_relations` VALUES ('cfe56a1d-83ee-4442-92f7-6ec118167394', '2021-08-15 22:02:07.207725', NULL, NULL, NULL, 0, NULL, 0, 4, '1bb40a59-1a9c-4279-ae8b-894e937cf416', 'fa4facce-de03-41e2-806e-6d843fac51d0', NULL);
INSERT INTO `frame_relations` VALUES ('d0b55015-22f7-4b7d-a35a-030d51b6b674', NULL, NULL, NULL, NULL, 0, NULL, 0, 3, '25b3a1b0-ec79-4574-8400-106f1a69f510', '0226ad7b-37e8-4507-920c-93fae32bbc1b', NULL);
INSERT INTO `frame_relations` VALUES ('d4f11030-c5a9-4f48-b463-082959c7a113', NULL, NULL, NULL, NULL, 0, NULL, 0, 2, 'fd750984-725a-461c-b408-8cb2ad1f7ad7', '1ed0765f-2f28-47ca-972b-a343b91840e1', NULL);
INSERT INTO `frame_relations` VALUES ('d959bc87-832b-4e89-9f98-ac6c49913f7e', NULL, NULL, NULL, NULL, 0, NULL, 0, 3, '25b3a1b0-ec79-4574-8400-106f1a69f510', 'd1ae4db7-3545-4d90-a2b0-5052cd1dfbdf', NULL);
INSERT INTO `frame_relations` VALUES ('db9f121d-9d5e-4678-b5cd-10a927d64001', '2020-05-05 15:40:59.037108', NULL, NULL, NULL, 0, NULL, 0, 2, 'c03a5e28-8337-4f21-a304-82dac6775216', '8309379d-0ba1-40f2-9715-ea3522cf9ea9', NULL);
INSERT INTO `frame_relations` VALUES ('e33078c1-ec76-4bcb-a258-fbfb63ce89d2', '2020-04-28 17:40:10.663961', NULL, NULL, NULL, 0, NULL, 0, 2, 'c03a5e28-8337-4f21-a304-82dac6775216', '85030d36-a3f9-4293-bea9-55faeab3e60a', NULL);
INSERT INTO `frame_relations` VALUES ('e4530a1d-b8b8-4ef3-a233-3073e6e60c79', NULL, NULL, NULL, NULL, 0, NULL, 0, 3, NULL, '1f5160ad-bbc3-4d86-8772-7548c91f59bc', NULL);
INSERT INTO `frame_relations` VALUES ('ff7adef4-7f1d-4568-8c13-fed063542882', '2020-04-16 10:05:32.425341', NULL, NULL, NULL, 0, NULL, 0, 2, 'c03a5e28-8337-4f21-a304-82dac6775216', '4150e8b6-ec87-4074-baa4-d6cff6f18d08', NULL);

INSERT INTO `frame_module` VALUES ('02a653a7-69c3-4a98-9159-f4f3e2463b2a', NULL, NULL, NULL, NULL, 0, NULL, 0, '根节点', 1, 0, '.0.1', NULL, NULL, NULL);
INSERT INTO `frame_module` VALUES ('1677c1d6-df9b-472c-9db4-c26e93664fd5', NULL, NULL, NULL, NULL, 0, NULL, 0, '用户管理', 7, 3, '.0.1.3.7', '系统管理', '/FrameUser/Index', 'layui-icon-username');
INSERT INTO `frame_module` VALUES ('1c679692-974d-473c-84e3-3ba55a97091d', NULL, NULL, NULL, NULL, 0, NULL, 0, '部门管理', 8, 3, '.0.1.3.8', '系统管理', '/FrameDept/Index', 'layui-icon-template-1');
INSERT INTO `frame_module` VALUES ('30eaef36-a2b4-402d-9900-4a7f9c705a8b', NULL, NULL, NULL, NULL, 0, NULL, 0, '数据字典', 9, 3, '.0.1.3.9', '系统管理', '/FrameCodes/Index', 'layui-icon-read');
INSERT INTO `frame_module` VALUES ('323232323', NULL, NULL, NULL, NULL, 0, NULL, 0, '模块管理', 24, 3, '.0.1.3.24', '模块管理', '/FrameModule/Index', 'layui-icon-form');
INSERT INTO `frame_module` VALUES ('4036924e-945a-4b3b-b24c-8100ce2826ad', NULL, NULL, NULL, NULL, 0, NULL, 0, '系统管理', 3, 1, '.0.1.3', '根节点', '/', 'layui-icon-set');
INSERT INTO `frame_module` VALUES ('49564184-e0f7-43fd-abb1-9aa32aa6e732', '2021-11-12 10:55:14.354093', NULL, NULL, NULL, 0, NULL, 0, '商品管理', 27, 2, '.0.1.1.27', '应用管理', '/WGoods/WGoods_Index', 'layui-icon-note');
INSERT INTO `frame_module` VALUES ('654f8019-7857-4516-bf96-c057e0e700e4', '2021-11-12 10:55:48.926424', NULL, NULL, NULL, 0, NULL, 0, '订单管理', 28, 2, '.0.1.1.28', '应用管理', '/WOrder/WOrder_Index', 'layui-icon-app');
INSERT INTO `frame_module` VALUES ('765da722-4fb8-45e6-9c20-1f4ef7a21c21', NULL, NULL, NULL, NULL, 0, NULL, 0, '权限管理', 15, 3, '.0.1.3.15', '系统管理', '/FrameRole/AuthorityIndex', 'layui-icon-rate');
INSERT INTO `frame_module` VALUES ('7e7db5ed-2a82-4b0c-879d-99a672fe3c0e', NULL, NULL, NULL, NULL, 0, NULL, 0, '应用管理', 2, 1, '.0.1.1', '根节点', '应用管理', 'layui-icon-praise');
INSERT INTO `frame_module` VALUES ('d283b222-c457-44c3-ac50-c0c06ecc72e1', NULL, NULL, NULL, NULL, 0, NULL, 0, '角色管理', 14, 3, '.0.1.3.14', '系统管理', '/FrameRole/Index', 'layui-icon-group');
INSERT INTO `frame_module` VALUES ('deba2581-6252-4a9f-b63a-8954b4a8d893', NULL, NULL, NULL, NULL, 0, NULL, 0, '表单管理', 16, 3, '.0.1.3.16', '系统管理', '/FrameTableInfo/Index', 'layui-icon-form');
INSERT INTO `frame_module` VALUES ('e9ab7f1d-4cba-4f49-9804-69722bf6ca20', '2021-11-12 10:56:24.653530', NULL, NULL, NULL, 0, NULL, 0, '商品租赁', 29, 2, '.0.1.1.29', '应用管理', '/WRent/WRent_Index', 'layui-icon-auz');
